trade_n,timestamp,cash
1,2026-02-25T03:02:55.274154+00:00,1001.76
2,2026-02-25T03:02:55.627845+00:00,1003.92
3,2026-02-25T03:02:55.976868+00:00,994.32
4,2026-02-25T03:02:56.324903+00:00,984.36
5,2026-02-25T03:02:57.012857+00:00,986.64
6,2026-02-25T03:02:57.700880+00:00,988.68
7,2026-02-25T03:02:58.053201+00:00,990.44
8,2026-02-25T03:02:58.745891+00:00,992.48
9,2026-02-25T03:02:59.449874+00:00,994.64
10,2026-02-25T03:02:59.804999+00:00,996.68
11,2026-02-25T03:03:00.174384+00:00,998.72
12,2026-02-25T03:03:00.529454+00:00,1000.48
13,2026-02-25T03:03:00.882297+00:00,1002.52
14,2026-02-25T03:03:01.567817+00:00,1004.68
15,2026-02-25T03:03:01.926026+00:00,1007.08
16,2026-02-25T03:03:02.616128+00:00,1008.84
17,2026-02-25T03:03:03.308419+00:00,999.12
18,2026-02-25T03:03:04.325265+00:00,1001.28
19,2026-02-25T03:03:04.675888+00:00,1003.32
20,2026-02-25T03:03:05.026647+00:00,1005.36
21,2026-02-25T03:03:05.373872+00:00,1007.52
22,2026-02-25T03:03:05.718278+00:00,1009.56
23,2026-02-25T03:03:06.066814+00:00,1011.72
24,2026-02-25T03:03:07.078915+00:00,1002.0
25,2026-02-25T03:03:07.424554+00:00,1004.28
26,2026-02-25T03:03:07.772201+00:00,1006.32
27,2026-02-25T03:03:08.168665+00:00,1008.72
28,2026-02-25T03:03:08.519026+00:00,1010.76
29,2026-02-25T03:03:09.270767+00:00,1012.52
30,2026-02-25T03:03:09.623504+00:00,1014.92
31,2026-02-25T03:03:10.306602+00:00,1017.2
32,2026-02-25T03:03:10.655005+00:00,1018.96
33,2026-02-25T03:03:11.679248+00:00,1020.72
34,2026-02-25T03:03:12.059496+00:00,1023.12
35,2026-02-25T03:03:13.429116+00:00,1025.28
36,2026-02-25T03:03:14.115501+00:00,1027.44
37,2026-02-25T03:03:14.461102+00:00,1029.72
38,2026-02-25T03:03:14.839218+00:00,1020.48
39,2026-02-25T03:03:15.188874+00:00,1022.76
40,2026-02-25T03:03:15.532824+00:00,1024.92
41,2026-02-25T03:03:15.881067+00:00,1026.96
42,2026-02-25T03:03:16.225052+00:00,1028.72
43,2026-02-25T03:03:16.573418+00:00,1030.88
44,2026-02-25T03:03:16.919607+00:00,1033.16
45,2026-02-25T03:03:17.268334+00:00,1035.2
46,2026-02-25T03:03:17.616631+00:00,1025.96
47,2026-02-25T03:03:18.626173+00:00,1028.24
48,2026-02-25T03:03:18.974447+00:00,1030.52
49,2026-02-25T03:03:19.659181+00:00,1032.68
50,2026-02-25T03:03:20.007170+00:00,1034.96
51,2026-02-25T03:03:20.357839+00:00,1037.36
52,2026-02-25T03:03:20.708232+00:00,1027.64
53,2026-02-25T03:03:21.056782+00:00,1029.8
54,2026-02-25T03:03:21.746414+00:00,1032.2
55,2026-02-25T03:03:22.100151+00:00,1022.48
56,2026-02-25T03:03:22.784528+00:00,1024.76
57,2026-02-25T03:03:23.484742+00:00,1015.16
58,2026-02-25T03:03:23.830663+00:00,1017.56
59,2026-02-25T03:03:24.175310+00:00,1019.32
60,2026-02-25T03:03:24.867260+00:00,1021.36
61,2026-02-25T03:03:25.244920+00:00,1023.76
62,2026-02-25T03:03:25.596718+00:00,1025.92
63,2026-02-25T03:03:26.288998+00:00,1027.96
64,2026-02-25T03:03:26.638207+00:00,1018.24
65,2026-02-25T03:03:26.990520+00:00,1020.4
66,2026-02-25T03:03:27.674003+00:00,1022.44
67,2026-02-25T03:03:28.028563+00:00,1024.84
68,2026-02-25T03:03:28.710293+00:00,1015.12
69,2026-02-25T03:03:29.066825+00:00,1017.4
70,2026-02-25T03:03:29.754632+00:00,1019.44
71,2026-02-25T03:03:30.437548+00:00,1021.48
72,2026-02-25T03:03:30.914876+00:00,1023.52
73,2026-02-25T03:03:31.958133+00:00,1025.28
74,2026-02-25T03:03:32.644148+00:00,1027.44
75,2026-02-25T03:03:33.335259+00:00,1029.72
76,2026-02-25T03:03:34.027203+00:00,1031.88
77,2026-02-25T03:03:34.385362+00:00,1033.64
78,2026-02-25T03:03:34.752562+00:00,1035.68
79,2026-02-25T03:03:35.450262+00:00,1038.08
80,2026-02-25T03:03:36.170881+00:00,1040.36
81,2026-02-25T03:03:36.519571+00:00,1042.52
82,2026-02-25T03:03:37.207429+00:00,1044.92
83,2026-02-25T03:03:37.558145+00:00,1047.32
84,2026-02-25T03:03:38.264672+00:00,1049.08
85,2026-02-25T03:03:38.621221+00:00,1050.84
86,2026-02-25T03:03:39.320129+00:00,1052.6
87,2026-02-25T03:03:40.015479+00:00,1054.36
88,2026-02-25T03:03:40.366895+00:00,1056.64
89,2026-02-25T03:03:41.072285+00:00,1058.8
90,2026-02-25T03:03:41.434510+00:00,1060.96
91,2026-02-25T03:03:41.790412+00:00,1063.24
92,2026-02-25T03:03:42.818716+00:00,1065.52
93,2026-02-25T03:03:43.168523+00:00,1067.92
94,2026-02-25T03:03:43.523447+00:00,1069.68
95,2026-02-25T03:03:43.901287+00:00,1071.44
96,2026-02-25T03:03:44.961134+00:00,1073.84
97,2026-02-25T03:03:46.674162+00:00,1075.88
98,2026-02-25T03:03:47.025877+00:00,1077.92
99,2026-02-25T03:03:47.400402+00:00,1079.96
100,2026-02-25T03:03:47.752129+00:00,1082.12
101,2026-02-25T03:03:48.249303+00:00,1083.88
102,2026-02-25T03:03:49.683205+00:00,1085.64
103,2026-02-25T03:03:50.719833+00:00,1087.92
104,2026-02-25T03:03:51.068340+00:00,1089.96
105,2026-02-25T03:03:51.419710+00:00,1092.24
106,2026-02-25T03:03:51.777607+00:00,1094.4
